{"_wandb":{"runtime":21},"perf/elapsed_seconds":19.149519987404346,"_step":0,"perf/event_name":"load/model_stack","_timestamp":1.779507392717174e+09,"gpu/memory_allocated_gb":15.35490083694458,"perf/step":0,"gpu/peak_memory_allocated_gb":15.35538911819458,"gpu/memory_reserved_gb":15.369140625,"gpu/peak_memory_reserved_gb":15.369140625,"meta/rank":0,"_runtime":21,"meta/world_size":1}